skill_id	aegis_name	zh_name
1	NV_BASIC	基本技能
2	SM_SWORD	單手劍使用熟練度
3	SM_TWOHAND	雙手劍使用熟練度
4	SM_RECOVERY	快速恢復
5	SM_BASH	狂擊
6	SM_PROVOKE	挑釁
7	SM_MAGNUM	怒爆
8	SM_ENDURE	霸體
9	MG_SRECOVERY	禪心
10	MG_SIGHT	火狩
11	MG_NAPALMBEAT	心靈爆破
12	MG_SAFETYWALL	暗之障壁
13	MG_SOULSTRIKE	聖靈召喚
14	MG_COLDBOLT	冰箭術
15	MG_FROSTDIVER	冰凍術
16	MG_STONECURSE	石化術
17	MG_FIREBALL	火球術
18	MG_FIREWALL	火焰之壁
19	MG_FIREBOLT	火箭術
20	MG_LIGHTNINGBOLT	雷擊術
21	MG_THUNDERSTORM	雷爆術
22	AL_DP	天使之護
23	AL_DEMONBANE	天使之擊
24	AL_RUWACH	光獵
25	AL_PNEUMA	光之障壁
26	AL_TELEPORT	瞬間移動
27	AL_WARP	傳送之陣
28	AL_HEAL	治癒術
29	AL_INCAGI	加速術
30	AL_DECAGI	緩速術
31	AL_HOLYWATER	天使之淚
32	AL_CRUCIS	天使之光
33	AL_ANGELUS	天使之障壁
34	AL_BLESSING	天使之賜福
35	AL_CURE	治療術
36	MC_INCCARRY	負重量上升
37	MC_DISCOUNT	低價買進
38	MC_OVERCHARGE	高價賣出
39	MC_PUSHCART	手推車使用
40	MC_IDENTIFY	物品鑑定
41	MC_VENDING	露天商店
42	MC_MAMMONITE	金錢攻擊
43	AC_OWL	鶚梟之眼
44	AC_VULTURE	蒼鷹之眼
45	AC_CONCENTRATION	心神凝聚
46	AC_DOUBLE	二連矢
47	AC_SHOWER	箭雨
48	TF_DOUBLE	二刀連擊
49	TF_MISS	殘影
50	TF_STEAL	偷竊
51	TF_HIDING	隱匿
52	TF_POISON	施毒
53	TF_DETOXIFY	解毒
54	ALL_RESURRECTION	復活術
55	KN_SPEARMASTERY	長矛使用熟練度
56	KN_PIERCE	連刺攻擊
57	KN_BRANDISHSPEAR	騎乘攻擊
58	KN_SPEARSTAB	長矛刺擊
59	KN_SPEARBOOMERANG	投擲長矛攻擊
60	KN_TWOHANDQUICKEN	雙手劍攻擊速度增加
61	KN_AUTOCOUNTER	反擊
62	KN_BOWLINGBASH	怪物互擊
63	KN_RIDING	騎乘術
64	KN_CAVALIERMASTERY	騎兵修練
65	PR_MACEMASTERY	權杖使用熟練度
66	PR_IMPOSITIO	神威祈福
67	PR_SUFFRAGIUM	犧牲祈福
68	PR_ASPERSIO	撒水祈福
69	PR_BENEDICTIO	聖之祈福
70	PR_SANCTUARY	光耀之堂
71	PR_SLOWPOISON	緩毒術
72	PR_STRECOVERY	痊癒術
73	PR_KYRIE	霸邪之陣
74	PR_MAGNIFICAT	聖母之頌歌
75	PR_GLORIA	幸運之頌歌
76	PR_LEXDIVINA	沉默之術
77	PR_TURNUNDEAD	轉生術
78	PR_LEXAETERNA	天使之怒
79	PR_MAGNUS	十字驅魔攻擊
80	WZ_FIREPILLAR	火柱攻擊
81	WZ_SIGHTRASHER	火之獵殺
82	WZ_FIREIVY	火焰藤蔓
83	WZ_METEOR	隕石術
84	WZ_JUPITEL	雷鳴術
85	WZ_VERMILION	怒雷強擊
86	WZ_WATERBALL	水球術
87	WZ_ICEWALL	冰刃之牆
88	WZ_FROSTNOVA	霜凍之術
89	WZ_STORMGUST	暴風雪
90	WZ_EARTHSPIKE	地震術
91	WZ_HEAVENDRIVE	崩裂術
92	WZ_QUAGMIRE	泥沼地
93	WZ_ESTIMATION	怪物情報
94	BS_IRON	鐵製造
95	BS_STEEL	鋼製造
96	BS_ENCHANTEDSTONE	屬性石製造
97	BS_ORIDEOCON	神之金屬研究
98	BS_DAGGER	短劍製作
99	BS_SWORD	劍製作
100	BS_TWOHANDSWORD	雙手劍製作
101	BS_AXE	斧頭製作
102	BS_MACE	權杖製作
103	BS_KNUCKLE	拳套製作
104	BS_SPEAR	長矛製作
105	BS_HILTBINDING	武器保有
106	BS_FINDINGORE	尋找礦石
107	BS_WEAPONRESEARCH	武器研究
108	BS_REPAIRWEAPON	武器修理
109	BS_SKINTEMPER	強化火屬性
110	BS_HAMMERFALL	大地之擊
111	BS_ADRENALINE	速度激發
112	BS_WEAPONPERFECT	無視體型攻擊
113	BS_OVERTHRUST	凶砍
114	BS_MAXIMIZE	武器值最大化
115	HT_SKIDTRAP	滑動陷阱
116	HT_LANDMINE	地雷陷阱
117	HT_ANKLESNARE	定位陷阱
118	HT_SHOCKWAVE	魔耗陷阱
119	HT_SANDMAN	睡魔陷阱
120	HT_FLASHER	強光陷阱
121	HT_FREEZINGTRAP	霜凍陷阱
122	HT_BLASTMINE	定時爆炸陷阱
123	HT_CLAYMORETRAP	爆散陷阱
124	HT_REMOVETRAP	陷阱移除
125	HT_TALKIEBOX	陷阱探查
126	HT_BEASTBANE	動物殺手
127	HT_FALCON	馴鷹術
128	HT_STEELCROW	鋼製喙
129	HT_BLITZBEAT	閃電衝擊
130	HT_DETECTING	獵鷹尋敵
131	HT_SPRINGTRAP	爆破陷阱
132	AS_RIGHT	右手修練
133	AS_LEFT	左手修練
134	AS_KATAR	拳刃修練
135	AS_CLOAKING	偽裝
136	AS_SONICBLOW	音速投擲
137	AS_GRIMTOOTH	無影之牙
138	AS_ENCHANTPOISON	塗毒
139	AS_POISONREACT	毒性反彈
140	AS_VENOMDUST	病毒散撥
141	AS_SPLASHER	毒性感染
142	NV_FIRSTAID	緊急治療
143	NV_TRICKDEAD	裝死
144	SM_MOVINGRECOVERY	移動時恢復HP
145	SM_FATALBLOW	攻擊弱點
146	SM_AUTOBERSERK	狂暴狀態
147	AC_MAKINGARROW	製作箭
148	AC_CHARGEARROW	衝鋒箭
149	TF_SPRINKLESAND	噴砂
150	TF_BACKSLIDING	後退迴避
151	TF_PICKSTONE	撿石頭
152	TF_THROWSTONE	投擲石頭
153	MC_CARTREVOLUTION	手推車攻擊
154	MC_CHANGECART	改裝手推車
155	MC_LOUD	大聲吶喊
156	AL_HOLYLIGHT	神聖之光
157	MG_ENERGYCOAT	能量外套
158	NPC_PIERCINGATT	
159	NPC_MENTALBREAKER	
160	NPC_RANGEATTACK	
161	NPC_ATTRICHANGE	
162	NPC_CHANGEWATER	
163	NPC_CHANGEGROUND	
164	NPC_CHANGEFIRE	
165	NPC_CHANGEWIND	
166	NPC_CHANGEPOISON	
167	NPC_CHANGEHOLY	
168	NPC_CHANGEDARKNESS	
169	NPC_CHANGETELEKINESIS	
170	NPC_CRITICALSLASH	
171	NPC_COMBOATTACK	
172	NPC_GUIDEDATTACK	
173	NPC_SELFDESTRUCTION	
174	NPC_SPLASHATTACK	
175	NPC_SUICIDE	
176	NPC_POISON	
177	NPC_BLINDATTACK	
178	NPC_SILENCEATTACK	
179	NPC_STUNATTACK	
180	NPC_PETRIFYATTACK	
181	NPC_CURSEATTACK	
182	NPC_SLEEPATTACK	
183	NPC_RANDOMATTACK	
184	NPC_WATERATTACK	
185	NPC_GROUNDATTACK	
186	NPC_FIREATTACK	
187	NPC_WINDATTACK	
188	NPC_POISONATTACK	
189	NPC_HOLYATTACK	
190	NPC_DARKNESSATTACK	
191	NPC_TELEKINESISATTACK	
192	NPC_MAGICALATTACK	
193	NPC_METAMORPHOSIS	
194	NPC_PROVOCATION	
195	NPC_SMOKING	
196	NPC_SUMMONSLAVE	
197	NPC_EMOTION	
198	NPC_TRANSFORMATION	
199	NPC_BLOODDRAIN	
200	NPC_ENERGYDRAIN	
201	NPC_KEEPING	
202	NPC_DARKBREATH	
203	NPC_DARKBLESSING	暗黑之賜福
204	NPC_BARRIER	
205	NPC_DEFENDER	光之盾
206	NPC_LICK	
207	NPC_HALLUCINATION	
208	NPC_REBIRTH	
209	NPC_SUMMONMONSTER	
210	RG_SNATCHER	強奪
211	RG_STEALCOIN	偷錢
212	RG_BACKSTAP	背刺
213	RG_TUNNELDRIVE	潛遁
214	RG_RAID	潛擊
215	RG_STRIPWEAPON	卸除武器
216	RG_STRIPSHIELD	卸除盾牌
217	RG_STRIPARMOR	卸除鎧甲
218	RG_STRIPHELM	卸除頭盔
219	RG_INTIMIDATE	脅持
220	RG_GRAFFITI	塗鴉
221	RG_FLAGGRAFFITI	旗幟塗鴉
222	RG_CLEANER	清洗
223	RG_GANGSTER	流氓天國
224	RG_COMPULSION	強制減價
225	RG_PLAGIARISM	抄襲
226	AM_AXEMASTERY	斧頭使用熟練度
227	AM_LEARNINGPOTION	知識藥水
228	AM_PHARMACY	配藥
229	AM_DEMONSTRATION	火煙瓶投擲
230	AM_ACIDTERROR	強酸攻擊
231	AM_POTIONPITCHER	藥水投擲
232	AM_CANNIBALIZE	生物調撥
233	AM_SPHEREMINE	氣泡蟲召喚
234	AM_CP_WEAPON	化學武器保護
235	AM_CP_SHIELD	化學盾牌保護
236	AM_CP_ARMOR	化學鎧甲保護
237	AM_CP_HELM	化學頭盔保護
238	AM_BIOETHICS	生命倫理
239	AM_BIOTECHNOLOGY	生命工學研究
240	AM_CREATECREATURE	生命體
241	AM_CULTIVATION	培養
242	AM_FLAMECONTROL	火焰控制
243	AM_CALLHOMUN	生命體召喚
244	AM_REST	安息
245	AM_DRILLMASTER	攻擊力訓練
246	AM_HEALHOMUN	治癒生命體
247	AM_RESURRECTHOMUN	復活生命體
248	CR_TRUST	信任
249	CR_AUTOGUARD	自動防禦
250	CR_SHIELDCHARGE	盾擊
251	CR_SHIELDBOOMERANG	迴旋盾擊
252	CR_REFLECTSHIELD	反射盾
253	CR_HOLYCROSS	聖十字攻擊
254	CR_GRANDCROSS	聖十字審判
255	CR_DEVOTION	犧牲
256	CR_PROVIDENCE	神祐之光
257	CR_DEFENDER	光之盾
258	CR_SPEARQUICKEN	長矛加速術
259	MO_IRONHAND	鐵沙掌
260	MO_SPIRITSRECOVERY	運氣調息
261	MO_CALLSPIRITS	蓄氣
262	MO_ABSORBSPIRITS	吸氣
263	MO_TRIPLEATTACK	六合拳
264	MO_BODYRELOCATION	弓身彈影
265	MO_DODGE	移花接木
266	MO_INVESTIGATE	浸透勁
267	MO_FINGEROFFENSIVE	彈指神通
268	MO_STEELBODY	金剛不壞
269	MO_BLADESTOP	真劍百破道
270	MO_EXPLOSIONSPIRITS	爆氣
271	MO_EXTREMITYFIST	阿修羅霸凰拳
272	MO_CHAINCOMBO	連環全身掌
273	MO_COMBOFINISH	猛龍誇強
274	SA_ADVANCEDBOOK	進化之書
275	SA_CASTCANCEL	取消施法
276	SA_MAGICROD	魔法懲罰
277	SA_SPELLBREAKER	念咒拆除
278	SA_FREECAST	自由施法
279	SA_AUTOSPELL	自動念咒
280	SA_FLAMELAUNCHER	火屬性附加
281	SA_FROSTWEAPON	水屬性附加
282	SA_LIGHTNINGLOADER	風屬性附加
283	SA_SEISMICWEAPON	地屬性附加
284	SA_DRAGONOLOGY	龍知識
285	SA_VOLCANO	火元素領域
286	SA_DELUGE	水元素領域
287	SA_VIOLENTGALE	風元素領域
288	SA_LANDPROTECTOR	地元素領域
289	SA_DISPELL	魔法效果解除
290	SA_ABRACADABRA	隨機技能
291	SA_MONOCELL	變換成波利
292	SA_CLASSCHANGE	變換成Boss級魔物
293	SA_SUMMONMONSTER	召喚魔物
294	SA_REVERSEORCISH	變成獸人面孔
295	SA_DEATH	死身
296	SA_FORTUNE	宿命
297	SA_TAMINGMONSTER	認養寵物
298	SA_QUESTION	問號
299	SA_GRAVITY	重力社
300	SA_LEVELUP	升級
301	SA_INSTANTDEATH	當場死亡
302	SA_FULLRECOVERY	完全恢復
303	SA_COMA	頻死之術
304	BD_ADAPTATION	臨機應變
305	BD_ENCORE	安可
306	BD_LULLABY	搖籃曲
307	BD_RICHMANKIM	經驗值倍增
308	BD_ETERNALCHAOS	永遠的混沌
309	BD_DRUMBATTLEFIELD	戰鼓震天
310	BD_RINGNIBELUNGEN	尼貝隆根之戒指
311	BD_ROKISWEIL	洛奇的悲鳴
312	BD_INTOABYSS	觸媒之所
313	BD_SIEGFRIED	不死神齊格弗里德
314	BD_RAGNAROK	仙境傳說
315	BA_MUSICALLESSON	操控樂器
316	BA_MUSICALSTRIKE	樂器攻擊
317	BA_DISSONANCE	不諧和音
318	BA_FROSTJOKE	冷笑話
319	BA_WHISTLE	吹口哨
320	BA_ASSASSINCROSS	刺客的黃昏
321	BA_POEMBRAGI	布萊奇之詩
322	BA_APPLEIDUN	伊登的蘋果
323	DC_DANCINGLESSON	練習舞蹈
324	DC_THROWARROW	纏箭投擲
325	DC_UGLYDANCE	醜陋之舞
326	DC_SCREAM	驚聲尖叫
327	DC_HUMMING	哼唱之音
328	DC_DONTFORGETME	勿忘我
329	DC_FORTUNEKISS	女神之吻
330	DC_SERVICEFORYOU	為您服務
331	NPC_RANDOMMOVE	
332	NPC_SPEEDUP	
333	NPC_REVENGE	
334	WE_MALE	只呵護妳
335	WE_FEMALE	只為你犧牲
336	WE_CALLPARTNER	想念你
337	ITM_TOMAHAWK	投擲風靈之斧
338	NPC_DARKCROSS	
339	NPC_GRANDDARKNESS	
340	NPC_DARKSTRIKE	
341	NPC_DARKTHUNDER	
342	NPC_STOP	
343	NPC_WEAPONBRAKER	
344	NPC_ARMORBRAKE	
345	NPC_HELMBRAKE	
346	NPC_SHIELDBRAKE	
347	NPC_UNDEADATTACK	
348	NPC_CHANGEUNDEAD	
349	NPC_POWERUP	
350	NPC_AGIUP	
351	NPC_SIEGEMODE	
352	NPC_CALLSLAVE	
353	NPC_INVISIBLE	
354	NPC_RUN	
355	LK_AURABLADE	靈氣劍
356	LK_PARRYING	雙劍挌擋
357	LK_CONCENTRATION	集中攻擊
358	LK_TENSIONRELAX	極速回復
359	LK_BERSERK	狂怒之槍
360	LK_FURY	
361	HP_ASSUMPTIO	聖母之祈福
362	HP_BASILICA	神聖殿堂
363	HP_MEDITATIO	冥想
364	HW_SOULDRAIN	吸魂術
365	HW_MAGICCRASHER	魔擊術
366	HW_MAGICPOWER	魔力增幅
367	PA_PRESSURE	神之威壓
368	PA_SACRIFICE	捨命攻擊
369	PA_GOSPEL	聖音
370	CH_PALMSTRIKE	猛虎硬爬山
371	CH_TIGERFIST	伏虎拳
372	CH_CHAINCRUSH	氣絕崩擊
373	PF_HPCONVERSION	HP轉換
374	PF_SOULCHANGE	心神互換
375	PF_SOULBURN	精神耗弱術
376	ASC_KATAR	高階拳刃修練
377	ASC_HALLUCINATION	
378	ASC_EDP	致命塗毒
379	ASC_BREAKER	心靈震波
380	SN_SIGHT	狙殺瞄準
381	SN_FALCONASSAULT	獵鷹突擊
382	SN_SHARPSHOOTING	銳利射擊
383	SN_WINDWALK	風之步
384	WS_MELTDOWN	野蠻凶砍
385	WS_CREATECOIN	金錢鑄造
386	WS_CREATENUGGET	金屬塊製造
387	WS_CARTBOOST	手推車加速
388	WS_SYSTEMCREATE	攻擊塔製作
389	ST_CHASEWALK	暗影追蹤
390	ST_REJECTSWORD	霸王魂
391	ST_STEALBACKPACK	背包偷竊
392	CR_ALCHEMY	融合試驗
393	CR_SYNTHESISPOTION	藥劑試驗
394	CG_ARROWVULCAN	奧義箭亂舞
395	CG_MOONLIT	落花伴著月光下的水車小屋
396	CG_MARIONETTE	傀儡師的把戲
397	LK_SPIRALPIERCE	螺旋擊刺
398	LK_HEADCRUSH	傷害增壓
399	LK_JOINTBEAT	巧打
400	HW_NAPALMVULCAN	念力連擊
401	CH_SOULCOLLECT	狂蓄氣
402	PF_MINDBREAKER	精神撼動
403	PF_MEMORIZE	速讀術
404	PF_FOGWALL	薄霧牆
405	PF_SPIDERWEB	易燃之網
406	ASC_METEORASSAULT	黑暗瞬間
407	ASC_CDP	毒液製作
408	WE_BABY	爸媽我愛您
409	WE_CALLPARENT	爸媽我想念您
410	WE_CALLBABY	寶貝請來這裡
411	TK_RUN	跑步
412	TK_READYSTORM	迴旋準備
413	TK_STORMKICK	迴旋踢
414	TK_READYDOWN	砸踢準備
415	TK_DOWNKICK	砸踢
416	TK_READYTURN	踢準備
417	TK_TURNKICK	轉身踢
418	TK_READYCOUNTER	還擊準備
419	TK_COUNTER	還擊踢
420	TK_DODGE	落法
421	TK_JUMPKICK	飛腳踢
422	TK_HPTIME	平安的休息
423	TK_SPTIME	快樂的休息
424	TK_POWER	加油
425	TK_SEVENWIND	溫暖的風
426	TK_HIGHJUMP	跳高
427	SG_FEEL	太陽和月亮和星星的感覺
428	SG_SUN_WARM	太陽的溫暖
429	SG_MOON_WARM	月亮的溫暖
430	SG_STAR_WARM	星星的溫暖
431	SG_SUN_COMFORT	太陽的平安感
432	SG_MOON_COMFORT	月亮的平安感
433	SG_STAR_COMFORT	星星的平安感
434	SG_HATE	太陽和月亮和星星的憎惡
435	SG_SUN_ANGER	太陽的憤怒
436	SG_MOON_ANGER	月亮的憤怒
437	SG_STAR_ANGER	星星的憤怒
438	SG_SUN_BLESS	太陽的祝福
439	SG_MOON_BLESS	月亮的祝福
440	SG_STAR_BLESS	星星的祝福
441	SG_DEVIL	太陽和月亮和星星的惡魔
442	SG_FRIEND	太陽和月亮和星星的朋友
443	SG_KNOWLEDGE	太陽和月亮和星星的知識
444	SG_FUSION	太陽和月亮和星星的融合
445	SL_ALCHEMIST	鍊金術師的靈魂
446	AM_BERSERKPITCHER	菠色克投擲
447	SL_MONK	武道家的靈魂
448	SL_STAR	拳聖的靈魂
449	SL_SAGE	賢者的靈魂
450	SL_CRUSADER	十字軍的靈魂
451	SL_SUPERNOVICE	超級初學者的靈魂
452	SL_KNIGHT	騎士的靈魂
453	SL_WIZARD	巫師的靈魂
454	SL_PRIEST	祭司的靈魂
455	SL_BARDDANCER	吟遊詩人和舞孃的靈魂
456	SL_ROGUE	流氓的靈魂
457	SL_ASSASIN	刺客的靈魂
458	SL_BLACKSMITH	鐵匠的靈魂
459	BS_ADRENALINE2	所有速度激發
460	SL_HUNTER	獵人的靈魂
461	SL_SOULLINKER	悟靈士的靈魂
462	SL_KAIZEL	凱易哲
463	SL_KAAHI	凱阿希
464	SL_KAUPE	凱誣僕
465	SL_KAITE	凱易特
466	SL_KAINA	凱易娜
467	SL_STIN	艾斯提
468	SL_STUN	艾斯敦
469	SL_SMA	艾斯麻
470	SL_SWOO	艾斯誣
471	SL_SKE	艾斯克
472	SL_SKA	艾斯卡
473	SM_SELFPROVOKE	
474	NPC_EMOTION_ON	
475	ST_PRESERVE	自由保護
476	ST_FULLSTRIP	所有卸除
477	WS_WEAPONREFINE	武器精練
478	CR_SLIMPITCHER	纖細藥水投擲
479	CR_FULLPROTECTION	所有化學武器保護
480	PA_SHIELDCHAIN	連續盾擊
481	HP_MANARECHARGE	魔力減免
482	PF_DOUBLECASTING	雙倍投擲
483	HW_GANBANTEIN	咖般塔音
484	HW_GRAVITATION	重力原野
485	WS_CARTTERMINATION	手推車終結技
486	WS_OVERTHRUSTMAX	凶砍最大值
487	CG_LONGINGFREEDOM	
488	CG_HERMODE	海羅默德的手杖
489	CG_TAROTCARD	命運的塔羅牌
490	CR_ACIDDEMONSTRATION	強酸火煙瓶投擲
491	CR_CULTIVATION	植物栽培
492	ITEM_ENCHANTARMS	
493	TK_MISSION	太拳任務
494	SL_HIGH	一轉上等職業的靈魂
495	KN_ONEHAND	單手劍攻擊速度增加
496	AM_TWILIGHT1	寬廣配藥
497	AM_TWILIGHT2	寬廣配藥
498	AM_TWILIGHT3	寬廣配藥
499	HT_POWER	動物猛擊
500	GS_GLITTERING	裝滿硬幣
501	GS_FLING	投擲硬幣
502	GS_TRIPLEACTION	三連攻擊
503	GS_BULLSEYE	公牛之眼
504	GS_MADNESSCANCEL	瘋狂凱斯樂
505	GS_ADJUSTMENT	終極閃躲
506	GS_INCREASING	命中率遞增
507	GS_MAGICALBULLET	魔術彈
508	GS_CRACKER	轟然巨響
509	GS_SINGLEACTION	單槍射擊
510	GS_SNAKEEYE	瞄準之眼
511	GS_CHAINACTION	連鎖衝擊
512	GS_TRACKING	百步穿楊
513	GS_DISARM	拋戈卸甲
514	GS_PIERCINGSHOT	霹靂彈
515	GS_RAPIDSHOWER	五連擊
516	GS_DESPERADO	亡命之徒
517	GS_GATLINGFEVER	格林狂熱
518	GS_DUST	彈片四射
519	GS_FULLBUSTER	全面破壞
520	GS_SPREADATTACK	火力全開
521	GS_GROUNDDRIFT	四面埋伏
522	NJ_TOBIDOUGU	飛刀修練
523	NJ_SYURIKEN	投擲飛鏢
524	NJ_KUNAI	投擲飛刀
525	NJ_HUUMA	投擲風魔飛鏢
526	NJ_ZENYNAGE	投擲金錢
527	NJ_TATAMIGAESHI	榻榻米攻擊
528	NJ_KASUMIKIRI	霧裡砍劈
529	NJ_SHADOWJUMP	影子跳躍
530	NJ_KIRIKAGE	隱身攻擊
531	NJ_UTSUSEMI	金蟬脫殼
532	NJ_BUNSINJYUTSU	幻影分身
533	NJ_NINPOU	忍術修練
534	NJ_KOUENKA	火炎花
535	NJ_KAENSIN	火炎陣
536	NJ_BAKUENRYU	爆炎龍
537	NJ_HYOUSENSOU	冰閃槍
538	NJ_SUITON	水鈍
539	NJ_HYOUSYOURAKU	冰晶落
540	NJ_HUUJIN	風刃
541	NJ_RAIGEKISAI	雷擊碎
542	NJ_KAMAITACHI	朔風
543	NJ_NEN	念
544	NJ_ISSEN	一閃擊
545	MB_FIGHTING	殭屍戰鬥
546	MB_NEUTRAL	妖道中立
547	MB_TAIMING_PUTI	寵物馴化
548	MB_WHITEPOTION	藥水控制
549	MB_MENTAL	精神控制
550	MB_CARDPITCHER	卡片投擲
551	MB_PETPITCHER	寵物投擲
552	MB_BODYSTUDY	身體研究
553	MB_BODYALTER	身體改造
554	MB_PETMEMORY	寵物記憶
555	MB_M_TELEPORT	殭屍傳送
556	MB_B_GAIN	妖道獲得經驗
557	MB_M_GAIN	殭屍獲得經驗
558	MB_MISSION	認養寵物任務
559	MB_MUNAKKNOWLEDGE	認養寵物大師
560	MB_MUNAKBALL	殭屍球
561	MB_SCROLL	妖道球
562	MB_B_GATHERING	妖道聚集
563	MB_M_GATHERING	殭屍聚集
564	MB_B_EXCLUDE	妖道排斥
565	MB_B_DRIFT	妖道漂流
566	MB_B_WALLRUSH	妖道牆掃蕩
567	MB_M_WALLRUSH	殭屍牆掃蕩
568	MB_B_WALLSHIFT	妖道牆變形
569	MB_M_WALLCRASH	殭屍牆衝撞
570	MB_M_REINCARNATION	殭屍重生
571	MB_B_EQUIP	妖道裝備
572	SL_DEATHKNIGHT	死亡騎士之魂
573	SL_COLLECTOR	黑暗搜集者之魂
574	SL_NINJA	忍者之魂
575	SL_GUNNER	神槍手之魂
576	AM_TWILIGHT4	寬廣配藥
577	DA_RESET	
578	DE_BERSERKAIZER	狂暴化
579	DA_DARKPOWER	黑暗靈魂之力
580	DE_PASSIVE	Death 被動
581	DE_PATTACK	Death 襲擊被動
582	DE_PSPEED	Death 加速被動
583	DE_PDEFENSE	Death 防禦被動
584	DE_PCRITICAL	Death 暴擊被動
585	DE_PHP	Death 恢復被動
586	DE_PSP	Death 魔力被動
587	DE_RESET	Death 強化
588	DE_RANKING	Death 排列被動
589	DE_PTRIPLE	Death 三倍被動
590	DE_ENERGY	<死亡騎士>能量
591	DE_NIGHTMARE	<死亡騎士>夢魘
592	DE_SLASH	<死亡騎士>揮砍
593	DE_COIL	<死亡騎士>纏繞
594	DE_WAVE	<死亡騎士>衝擊波
595	DE_REBIRTH	<死亡騎士>能量重生
596	DE_AURA	<死亡騎士>靈氣
597	DE_FREEZER	<死亡騎士>凍結
598	DE_CHANGEATTACK	<死亡騎士>轉換攻擊
599	DE_PUNISH	<死亡騎士>懲罰
600	DE_POISON	<死亡騎士>劇毒刀刃
601	DE_INSTANT	<死亡騎士>緊急屏障
602	DE_WARNING	<死亡騎士>警告
603	DE_RANKEDKNIFE	<死亡騎士>排刀
604	DE_RANKEDGRADIUS	<死亡騎士>排射
605	DE_GAUGE	<死亡騎士>領域
606	DE_GTIME	<死亡騎士>時間衝擊
607	DE_GPAIN	死亡騎士<痛苦衝擊>
608	DE_GSKILL	<死亡騎士>技能衝擊
609	DE_GKILL	<死亡騎士>死亡衝擊
610	DE_ACCEL	<死亡騎士>加速
611	DE_BLOCKDOUBLE	<死亡騎士>雙重防禦
612	DE_BLOCKMELEE	<死亡騎士>近身防禦
613	DE_BLOCKFAR	<死亡騎士>遠程防禦
614	DE_FRONTATTACK	<死亡騎士>前方攻擊
615	DE_DANGERATTACK	<死亡騎士>威脅攻擊
616	DE_TWINATTACK	<死亡騎士>危險攻擊
617	DE_WINDATTACK	<死亡騎士>暴風攻擊
618	DE_WATERATTACK	<死亡騎士>水攻擊
619	DA_ENERGY	<黑暗搜集者>能量
620	DA_CLOUD	<黑暗搜集者>暗雲
621	DA_FIRSTSLOT	<黑暗搜集者>最初幻想
622	DA_HEADDEF	<黑暗搜集者>頭部防禦
623	DA_SPACE	<黑暗搜集者>暮光
624	DA_TRANSFORM	<黑暗搜集者>變形
625	DA_EXPLOSION	<黑暗搜集者>變形
626	DA_REWARD	<黑暗搜集者>獎勵
627	DA_CRUSH	<黑暗搜集者>衝撞
628	DA_ITEMREBUILD	<黑暗搜集者>物品重組
629	DA_ILLUSION	<黑暗搜集者>幻覺
630	DA_NUETRALIZE	<黑暗搜集者>中和
631	DA_RUNNER	<黑暗搜集者>奔跑
632	DA_TRANSFER	<黑暗搜集者>轉移
633	DA_WALL	<黑暗搜集者>牆
634	DA_ZENY	
635	DA_REVENGE	<黑暗搜集者>復仇
636	DA_EARPLUG	<黑暗搜集者>耳塞
637	DA_CONTRACT	<黑暗搜集者>寶石契約
638	DA_BLACK	<黑暗搜集者>寶石魔法
639	DA_DREAM	<黑暗搜集者>寶石之夢
640	DA_MAGICCART	<黑暗搜集者>魔法手推車
641	DA_COPY	<黑暗搜集者>複製
642	DA_CRYSTAL	<黑暗搜集者>暴擊
643	DA_EXP	<黑暗搜集者>經驗值
644	DA_CARTSWING	<黑暗搜集者>魔法手推車衝撞
645	DA_REBUILD	<黑暗搜集者>人體重建
646	DA_JOBCHANGE	<黑暗搜集者>新手更換職業
647	DA_EDARKNESS	<黑暗搜集者>華麗金屬黑暗
648	DA_EGUARDIAN	<黑暗搜集者>華麗金屬守衛
649	DA_TIMEOUT	準時
650	ALL_TIMEIN	
651	DA_ZENYRANK	<黑暗搜集者>排列
652	DA_ACCESSORYMIX	<黑暗搜集者>組裝
653	NPC_EARTHQUAKE	地震連繫
654	NPC_FIREBREATH	
655	NPC_ICEBREATH	
656	NPC_THUNDERBREATH	
657	NPC_ACIDBREATH	
658	NPC_DARKNESSBREATH	
659	NPC_DRAGONFEAR	天龍恐懼
660	NPC_BLEEDING	
661	NPC_PULSESTRIKE	脈震衝撞
662	NPC_HELLJUDGEMENT	死亡天譴
663	NPC_WIDESILENCE	廣範圍沉默
664	NPC_WIDEFREEZE	廣範圍冰凍
665	NPC_WIDEBLEEDING	廣範圍出血
666	NPC_WIDESTONE	廣範圍石化
667	NPC_WIDECONFUSE	廣範圍混亂
668	NPC_WIDESLEEP	廣範圍睡眠
669	NPC_WIDESIGHT	廣範圍火狩
670	NPC_EVILLAND	邪降
671	NPC_MAGICMIRROR	魔鏡
672	NPC_SLOWCAST	減緩詠唱
673	NPC_CRITICALWOUND	致命傷口
674	NPC_EXPULSION	
675	NPC_STONESKIN	鋼筋鐵骨
676	NPC_ANTIMAGIC	反魔法
677	NPC_WIDECURSE	廣範圍詛咒
678	NPC_WIDESTUN	廣範圍暈眩
679	NPC_VAMPIRE_GIFT	吸血鬼接觸
680	NPC_WIDESOULDRAIN	法力燃燒
681	ALL_INCCARRY	負重量上升R
682	NPC_TALK	
683	NPC_HELLPOWER	地獄之權能
684	NPC_WIDEHELLDIGNITY	
685	NPC_INVINCIBLE	
686	NPC_INVINCIBLEOFF	
687	NPC_ALLHEAL	生命之流
688	GM_SANDMAN	搖籃曲
689	CASH_BLESSING	
690	CASH_INCAGI	
691	CASH_ASSUMPTIO	
692	ALL_CATCRY	怪獸的咆哮
693	ALL_PARTYFLEE	吹吧! 花信風!!
694	ALL_ANGEL_PROTECT	感謝您!
695	ALL_DREAM_SUMMERNIGHT	仲夏夜之夢
696	NPC_CHANGEUNDEAD2	
697	ALL_REVERSEORCISH	變成獸人面孔
698	ALL_WEWISH	ALL_WEWISH
699	ALL_SONKRAN	
700	NPC_WIDEHEALTHFEAR	廣範圍恐怖
701	NPC_WIDEBODYBURNNING	廣範圍著火
702	NPC_WIDEFROSTMISTY	廣範圍冰封
703	NPC_WIDECOLD	廣範圍冷凍
704	NPC_WIDE_DEEP_SLEEP	廣範圍沉睡
705	NPC_WIDESIREN	廣範圍蠱惑
706	NPC_VENOMFOG	毒霧
707	NPC_MILLENNIUMSHIELD	千年神盾
708	NPC_COMET	流星雨
709	NPC_ICEMINE	寒冰地雷
710	NPC_ICEEXPLO	
711	NPC_FLAMECROSS	火焰十字架
712	NPC_PULSESTRIKE2	脈震衝撞
713	NPC_DANCINGBLADE	
714	NPC_DANCINGBLADE_ATK	
715	NPC_DARKPIERCING	
716	NPC_MAXPAIN	極限痛苦
717	NPC_MAXPAIN_ATK	
718	NPC_DEATHSUMMON	
719	NPC_HELLBURNING	
720	NPC_JACKFROST	冰凍穿孔
721	NPC_WIDEWEB	廣範圍易燃之網
722	NPC_WIDESUCK	廣範圍吸血
723	NPC_STORMGUST2	暴風雪
724	NPC_FIRESTORM	火焰風暴
725	NPC_REVERBERATION	
726	NPC_REVERBERATION_ATK	
727	NPC_LEX_AETERNA	廣泛天使之怒
728	NPC_ARROWSTORM	
729	NPC_CHEAL	
730	NPC_SR_CURSEDCIRCLE	咒縛陣
731	NPC_DRAGONBREATH	龍之氣息
732	NPC_FATALMENACE	致命威脅
733	NPC_MAGMA_ERUPTION	岩漿噴發
734	NPC_MAGMA_ERUPTION_DOTDAMAGE	
735	NPC_MANDRAGORA	曼陀羅魔花的尖叫
736	NPC_PSYCHIC_WAVE	超自然波
737	NPC_RAYOFGENESIS	創世之光
738	NPC_VENOMIMPRESS	
739	NPC_CLOUD_KILL	雲殺
740	NPC_IGNITIONBREAK	致命爆裂
741	NPC_PHANTOMTHRUST	
742	NPC_POISON_BUSTER	
743	NPC_HALLUCINATIONWALK	幻影步
744	NPC_ELECTRICWALK	電流步
745	NPC_FIREWALK	火焰步
746	NPC_WIDEDISPEL	
747	NPC_LEASH	??? ???
748	NPC_WIDELEASH	?? ??? ???
749	NPC_WIDECRITICALWOUND	
750	NPC_EARTHQUAKE_K	地震連繫
751	NPC_ALL_STAT_DOWN	全素質下降
752	NPC_GRADUAL_GRAVITY	重力增加
753	NPC_DAMAGE_HEAL	轉禍為福
754	NPC_IMMUNE_PROPERTY	屬性免疫
755	NPC_MOVE_COORDINATE	位置轉換
756	NPC_WIDEBLEEDING2	
757	NPC_WIDESILENCE2	
758	NPC_WIDESTUN2	
759	NPC_WIDESTONE2	
760	NPC_WIDESLEEP2	
761	NPC_WIDECURSE2	
762	NPC_WIDECONFUSE2	
763	NPC_WIDEFREEZE2	
764	NPC_BLEEDING2	
765	NPC_ICEBREATH2	
766	NPC_ACIDBREATH2	
767	NPC_EVILLAND2	
768	NPC_HELLJUDGEMENT2	惡魔死亡天譴
769	NPC_RAINOFMETEOR	
770	NPC_GROUNDDRIVE	
771	NPC_RELIEVE_ON	
772	NPC_RELIEVE_OFF	
773	NPC_LOCKON_LASER	
774	NPC_LOCKON_LASER_ATK	
775	NPC_SEEDTRAP	
776	NPC_DEADLYCURSE	
777	NPC_RANDOMBREAK	
778	NPC_STRIP_SHADOW	
779	NPC_DEADLYCURSE2	廣域致命魔咒
780	NPC_CANE_OF_EVIL_EYE	
781	NPC_CURSE_OF_RED_CUBE	
782	NPC_CURSE_OF_BLUE_CUBE	
783	NPC_KILLING_AURA	
784	NPC_LAST	
1001	KN_CHARGEATK	衝鋒攻擊
1002	CR_SHRINK	退縮
1003	AS_SONICACCEL	超音速投擲
1004	AS_VENOMKNIFE	毒刃
1005	RG_CLOSECONFINE	緊密的約束
1006	WZ_SIGHTBLASTER	火狩芽
1007	SA_CREATECON	元素肯貝特製作
1008	SA_ELEMENTWATER	元素更換(水)
1009	HT_PHANTASMIC	幻影箭
1010	BA_PANGVOICE	陣痛之聲
1011	DC_WINKCHARM	眨眼之誘
1012	BS_UNFAIRLYTRICK	詭計的商術
1013	BS_GREED	貪婪
1014	PR_REDEMPTIO	捨身取義
1015	MO_KITRANSLATION	振氣注入
1016	MO_BALKYOUNG	發勁
1017	SA_ELEMENTGROUND	元素更換(地)
1018	SA_ELEMENTFIRE	元素更換(火)
1019	SA_ELEMENTWIND	元素更換(風)
2000	THIRDJOB_BEGIN	
2001	RK_ENCHANTBLADE	魔力劍
2002	RK_SONICWAVE	音速衝擊波
2003	RK_DEATHBOUND	死亡反彈
2004	RK_HUNDREDSPEAR	百矛穿刺
2005	RK_WINDCUTTER	風壓飛刃
2006	RK_IGNITIONBREAK	致命爆裂
2007	RK_DRAGONTRAINING	龍駕馭
2008	RK_DRAGONBREATH	龍之氣息
2009	RK_DRAGONHOWLING	龍之咆哮
2010	RK_RUNEMASTERY	盧恩精熟
2011	RK_MILLENNIUMSHIELD	千年神盾
2012	RK_CRUSHSTRIKE	重擊強襲
2013	RK_REFRESH	恢復
2014	RK_GIANTGROWTH	力量成長
2015	RK_STONEHARDSKIN	岩石皮膚
2016	RK_VITALITYACTIVATION	生命激化
2017	RK_STORMBLAST	風暴衝擊
2018	RK_FIGHTINGSPIRIT	提升鬥志
2019	RK_ABUNDANCE	豐足
2020	RK_PHANTOMTHRUST	幻象突刺
2021	GC_VENOMIMPRESS	毒耐性弱化
2022	GC_CROSSIMPACT	十字斬
2023	GC_DARKILLUSION	黑色幻影
2024	GC_RESEARCHNEWPOISON	新毒研究
2025	GC_CREATENEWPOISON	新毒製作
2026	GC_ANTIDOTE	解毒劑
2027	GC_POISONINGWEAPON	劇毒武器
2028	GC_WEAPONBLOCKING	武器抵禦
2029	GC_COUNTERSLASH	反擊斬
2030	GC_WEAPONCRUSH	卸除武裝
2031	GC_VENOMPRESSURE	劇毒強制賦予
2032	GC_POISONSMOKE	毒霧
2033	GC_CLOAKINGEXCEED	偽裝強化
2034	GC_PHANTOMMENACE	惡靈威脅
2035	GC_HALLUCINATIONWALK	幻影步
2036	GC_ROLLINGCUTTER	迴旋刀刃
2037	GC_CROSSRIPPERSLASHER	迴旋十字斬
2038	AB_JUDEX	審判
2039	AB_ANCILLA	安希拉
2040	AB_ADORAMUS	謳歌
2041	AB_CLEMENTIA	慈悲術
2042	AB_CANTO	純白百合花
2043	AB_CHEAL	燦爛聖光
2044	AB_EPICLESIS	聖靈降臨祈禱
2045	AB_PRAEFATIO	感恩歌
2046	AB_ORATIO	祈禱文
2047	AB_LAUDAAGNUS	羔羊歌頌
2048	AB_LAUDARAMUS	折枝讚頌
2049	AB_EUCHARISTICA	感恩祈禱
2050	AB_RENOVATIO	淨化
2051	AB_HIGHNESSHEAL	高階治癒術
2052	AB_CLEARANCE	解除
2053	AB_EXPIATIO	贖罪
2054	AB_DUPLELIGHT	二道聖光
2055	AB_DUPLELIGHT_MELEE	二道聖光
2056	AB_DUPLELIGHT_MAGIC	二道聖光
2057	AB_SILENTIUM	靜寂
2200	WL_STARTMARK	
2201	WL_WHITEIMPRISON	白色監獄
2202	WL_SOULEXPANSION	靈魂爆炸
2203	WL_FROSTMISTY	寒冰濃霧
2204	WL_JACKFROST	凍僵術
2205	WL_MARSHOFABYSS	深淵沼地
2206	WL_RECOGNIZEDSPELL	魔法省悟
2207	WL_SIENNAEXECRATE	石化詛咒
2208	WL_RADIUS	半徑擴大
2209	WL_STASIS	魔力凍結
2210	WL_DRAINLIFE	吸星大法
2211	WL_CRIMSONROCK	碧血隕石
2212	WL_HELLINFERNO	地獄火焰
2213	WL_COMET	毀滅慧星
2214	WL_CHAINLIGHTNING	連鎖電擊
2215	WL_CHAINLIGHTNING_ATK	
2216	WL_EARTHSTRAIN	地牛翻身
2217	WL_TETRAVORTEX	屬性漩渦
2218	WL_TETRAVORTEX_FIRE	
2219	WL_TETRAVORTEX_WATER	
2220	WL_TETRAVORTEX_WIND	
2221	WL_TETRAVORTEX_GROUND	
2222	WL_SUMMONFB	召喚火焰球
2223	WL_SUMMONBL	召喚雷電球
2224	WL_SUMMONWB	召喚水球
2225	WL_SUMMON_ATK_FIRE	
2226	WL_SUMMON_ATK_WIND	
2227	WL_SUMMON_ATK_WATER	
2228	WL_SUMMON_ATK_GROUND	
2229	WL_SUMMONSTONE	召喚石塊
2230	WL_RELEASE	釋放
2231	WL_READING_SB	閱讀魔法書
2232	WL_ENDMARK	
2233	RA_ARROWSTORM	箭雨風暴
2234	RA_FEARBREEZE	微風恐懼
2235	RA_RANGERMAIN	遊俠主意
2236	RA_AIMEDBOLT	瞄準標靶
2237	RA_DETONATOR	雷管
2238	RA_ELECTRICSHOCKER	電擊陷阱
2239	RA_CLUSTERBOMB	榴霰彈
2240	RA_WUGMASTERY	召狼術
2241	RA_WUGRIDER	騎狼術
2242	RA_WUGDASH	疾狼術
2243	RA_WUGSTRIKE	狼突擊
2244	RA_WUGBITE	狼咬
2245	RA_TOOTHOFWUG	狼牙
2246	RA_SENSITIVEKEEN	敏銳嗅覺
2247	RA_CAMOUFLAGE	偽裝戰術
2248	RA_RESEARCHTRAP	陷阱研究
2249	RA_MAGENTATRAP	紫紅陷阱
2250	RA_COBALTTRAP	深藍陷阱
2251	RA_MAIZETRAP	淺黃陷阱
2252	RA_VERDURETRAP	青翠陷阱
2253	RA_FIRINGTRAP	燃燒陷阱
2254	RA_ICEBOUNDTRAP	冰封陷阱
2255	NC_MADOLICENCE	魔導機甲執照
2256	NC_BOOSTKNUCKLE	噴射飛拳
2257	NC_PILEBUNKER	衝擊椎
2258	NC_VULCANARM	火神砲
2259	NC_FLAMELAUNCHER	火焰噴射器
2260	NC_COLDSLOWER	液體冷卻彈
2261	NC_ARMSCANNON	加農砲
2262	NC_ACCELERATION	魔導機甲加速
2263	NC_HOVERING	懸停
2264	NC_F_SIDESLIDE	大步前進
2265	NC_B_SIDESLIDE	大步後退
2266	NC_MAINFRAME	主體改造
2267	NC_SELFDESTRUCTION	自我摧毀
2268	NC_SHAPESHIFT	形態轉換
2269	NC_EMERGENCYCOOL	緊急冷卻
2270	NC_INFRAREDSCAN	紅外線掃瞄
2271	NC_ANALYZE	解析
2272	NC_MAGNETICFIELD	磁場
2273	NC_NEUTRALBARRIER	中性防護罩
2274	NC_STEALTHFIELD	隱形力場
2275	NC_REPAIR	修復
2276	NC_TRAININGAXE	斧頭使用熟練度
2277	NC_RESEARCHFE	火焰與大地的研究
2278	NC_AXEBOOMERANG	迴旋斧
2279	NC_POWERSWING	揮斧重擊
2280	NC_AXETORNADO	戰斧颶風
2281	NC_SILVERSNIPER	FAW銀光狙擊手
2282	NC_MAGICDECOY	FAW魔法傀儡
2283	NC_DISJOINT	FAW解體
2284	SC_FATALMENACE	致命威脅
2285	SC_REPRODUCE	繁殖
2286	SC_AUTOSHADOWSPELL	自動魅影念咒
2287	SC_SHADOWFORM	魅影形態
2288	SC_TRIANGLESHOT	三角射擊
2289	SC_BODYPAINT	人體彩繪
2290	SC_INVISIBILITY	透明術
2291	SC_DEADLYINFECT	致命感染
2292	SC_ENERVATION	面具:無力
2293	SC_GROOMY	面具-憂鬱
2294	SC_IGNORANCE	面具-無知
2295	SC_LAZINESS	面具:懶散
2296	SC_UNLUCKY	面具-不幸
2297	SC_WEAKNESS	面具-衰弱
2298	SC_STRIPACCESSARY	卸除配件
2299	SC_MANHOLE	人孔
2300	SC_DIMENSIONDOOR	異次元之門
2301	SC_CHAOSPANIC	混沌恐慌
2302	SC_MAELSTROM	漩渦
2303	SC_BLOODYLUST	血腥欲望
2304	SC_FEINTBOMB	虛擊炸彈
2306	SC_ENDMARK	
2307	LG_CANNONSPEAR	加農砲攻擊
2308	LG_BANISHINGPOINT	放逐攻擊
2309	LG_TRAMPLE	摧殘
2310	LG_SHIELDPRESS	重壓盾擊
2311	LG_REFLECTDAMAGE	聖冕加護
2312	LG_PINPOINTATTACK	精準攻擊
2313	LG_FORCEOFVANGUARD	先鋒部隊
2314	LG_RAGEBURST	憤怒突擊
2315	LG_SHIELDSPELL	盾咒
2316	LG_EXEEDBREAK	強化衝擊
2317	LG_OVERBRAND	支配烙印
2318	LG_PRESTIGE	威信
2319	LG_BANDING	聚集
2320	LG_MOONSLASHER	半月斬
2321	LG_RAYOFGENESIS	創世之光
2322	LG_PIETY	虔誠
2323	LG_EARTHDRIVE	大地毀滅
2324	LG_HESPERUSLIT	黃昏星之光
2325	LG_INSPIRATION	靈感
2326	SR_DRAGONCOMBO	雙龍腳
2327	SR_SKYNETBLOW	天羅地網
2328	SR_EARTHSHAKER	地雷震
2329	SR_FALLENEMPIRE	大纏崩墜
2330	SR_TIGERCANNON	虎砲
2331	SR_HELLGATE	
2332	SR_RAMPAGEBLASTER	爆氣散彈
2333	SR_CRESCENTELBOW	破碎柱
2334	SR_CURSEDCIRCLE	咒縛陣
2335	SR_LIGHTNINGWALK	閃電步
2336	SR_KNUCKLEARROW	修羅身彈
2337	SR_WINDMILL	旋風腿
2338	SR_RAISINGDRAGON	潛龍昇天
2339	SR_GENTLETOUCH	
2340	SR_ASSIMILATEPOWER	吸氣攻
2341	SR_POWERVELOCITY	全氣注入
2342	SR_CRESCENTELBOW_AUTOSPELL	
2343	SR_GATEOFHELL	羅剎破凰擊
2344	SR_GENTLETOUCH_QUIET	點穴-默
2345	SR_GENTLETOUCH_CURE	點穴-快
2346	SR_GENTLETOUCH_ENERGYGAIN	點穴-球
2347	SR_GENTLETOUCH_CHANGE	點穴-反
2348	SR_GENTLETOUCH_REVITALIZE	點穴-活
2349	WA_STARTMARK	
2350	WA_SWING_DANCE	搖擺舞
2351	WA_SYMPHONY_OF_LOVER	戀人交響樂
2352	WA_MOONLIT_SERENADE	月光小夜曲
2379	WA_ENDMARK	
2380	MI_STARTMARK	
2381	MI_RUSH_WINDMILL	朝風車突擊
2382	MI_ECHOSONG	回音之歌
2383	MI_HARMONIZE	和聲演奏
2410	MI_ENDMARK	
2411	WM_STARTMARK	
2412	WM_LESSON	課程
2413	WM_METALICSOUND	重金屬音樂
2414	WM_REVERBERATION	殘響
2415	WM_REVERBERATION_MELEE	
2416	WM_REVERBERATION_MAGIC	
2417	WM_DOMINION_IMPULSE	支配動力
2418	WM_SEVERE_RAINSTORM	大暴雨
2419	WM_POEMOFNETHERWORLD	絕望之歌
2420	WM_VOICEOFSIREN	塞壬之音
2421	WM_DEADHILLHERE	死亡峽谷
2422	WM_LULLABY_DEEPSLEEP	沉睡搖籃曲
2423	WM_SIRCLEOFNATURE	循環的大自然之音
2424	WM_RANDOMIZESPELL	不確定要素的語言
2425	WM_GLOOMYDAY	羞怯一天的憂鬱
2426	WM_GREAT_ECHO	巨大共鳴
2427	WM_SONG_OF_MANA	魔力之歌
2428	WM_DANCE_WITH_WUG	與狼共舞
2429	WM_SOUND_OF_DESTRUCTION	毀滅之聲
2430	WM_SATURDAY_NIGHT_FEVER	狂歡週末夜
2431	WM_LERADS_DEW	雷拉多露水
2432	WM_MELODYOFSINK	消沈旋律
2433	WM_BEYOND_OF_WARCRY	戰嚎的彼端
2434	WM_UNLIMITED_HUMMING_VOICE	無限哼唱聲
2441	WM_ENDMARK	
2442	SO_STARTMARK	
2443	SO_FIREWALK	火焰步
2444	SO_ELECTRICWALK	電流步
2445	SO_SPELLFIST	魔力拳
2446	SO_EARTHGRAVE	大地墳場
2447	SO_DIAMONDDUST	鑽石星塵
2448	SO_POISON_BUSTER	劇毒猛擊
2449	SO_PSYCHIC_WAVE	超自然波
2450	SO_CLOUD_KILL	雲殺
2451	SO_STRIKING	打擊強化
2452	SO_WARMER	加熱術
2453	SO_VACUUM_EXTREME	極限空虛
2454	SO_VARETYR_SPEAR	聖槍刺擊
2455	SO_ARRULLO	搖籃曲
2456	SO_EL_CONTROL	精靈控制
2457	SO_SUMMON_AGNI	召喚火元素
2458	SO_SUMMON_AQUA	召喚水精靈阿奎亞
2459	SO_SUMMON_VENTUS	召喚風精靈梵圖斯
2460	SO_SUMMON_TERA	召喚地精靈泰拉
2461	SO_EL_ACTION	精靈激發
2462	SO_EL_ANALYSIS	元素分析
2463	SO_EL_SYMPATHY	精靈交流
2464	SO_EL_CURE	精靈治癒
2465	SO_FIRE_INSIGNIA	火之紋章
2466	SO_WATER_INSIGNIA	水之紋章
2467	SO_WIND_INSIGNIA	風之紋章
2468	SO_EARTH_INSIGNIA	地之紋章
2472	SO_ENDMARK	
2473	GN_START_MARK	
2474	GN_TRAINING_SWORD	單手劍使用熟練度
2475	GN_REMODELING_CART	手推車改良
2476	GN_CART_TORNADO	手推車龍捲風
2477	GN_CARTCANNON	手推車加農砲
2478	GN_CARTBOOST	手推車加速
2479	GN_THORNS_TRAP	荊棘陷阱
2480	GN_BLOOD_SUCKER	吸血植物
2481	GN_SPORE_EXPLOSION	爆炸孢子
2482	GN_WALLOFTHORN	荊棘之壁
2483	GN_CRAZYWEED	瘋狂野草
2484	GN_CRAZYWEED_ATK	
2485	GN_DEMONIC_FIRE	惡魔火焰
2486	GN_FIRE_EXPANSION	火焰擴散
2487	GN_FIRE_EXPANSION_SMOKE_POWDER	
2488	GN_FIRE_EXPANSION_TEAR_GAS	
2489	GN_FIRE_EXPANSION_ACID	
2490	GN_HELLS_PLANT	地獄植物
2491	GN_HELLS_PLANT_ATK	
2492	GN_MANDRAGORA	曼陀羅魔花的尖叫
2493	GN_SLINGITEM	道具投擲
2494	GN_CHANGEMATERIAL	素材變化
2495	GN_MIX_COOKING	調配料理
2496	GN_MAKEBOMB	炸彈製造
2497	GN_S_PHARMACY	專門配藥
2498	GN_SLINGITEM_RANGEMELEEATK	
2513	GN_ENDMARK	
2514	ETC_THIRDJOB_SKILL_START	
2515	AB_SECRAMENT	聖典
2516	WM_SEVERE_RAINSTORM_MELEE	
2517	SR_HOWLINGOFLION	獅子吼
2518	SR_RIDEINLIGHTNING	雷光彈
2519	LG_OVERBRAND_BRANDISH	
2520	LG_OVERBRAND_PLUSATK	
2531	ETC_THIRDJOB_SKILL_END	
2532	THIRDJOB_END	
2533	ALL_ODINS_RECALL	奧丁的召喚
2534	RETURN_TO_ELDICASTES	返回艾爾迪卡斯特
2535	ALL_BUYING_STORE	開設購買商店(BUYING STORE)
2536	ALL_GUARDIAN_RECALL	守護者的召喚
2537	ALL_ODINS_POWER	奧丁之神力
2538	XX_BEER_BOTTLE_CAP	
2539	NPC_ASSASSINCROSS	刺客的黃昏
2540	NPC_DISSONANCE	不諧和音
2541	NPC_UGLYDANCE	醜陋之舞
2542	ALL_TETANY	
2543	ALL_RAY_OF_PROTECTION	守護之光
2544	MC_CARTDECORATE	改裝手推車II
2545	GM_ITEM_ATKMAX	物理道具最大攻擊力
2546	GM_ITEM_ATKMIN	物理道具最小攻擊力
2547	GM_ITEM_MATKMAX	魔法道具最大攻擊力
2548	GM_ITEM_MATKMIN	魔法道具最小攻擊力
2549	GM_AP_HEAL	活躍治癒術
2550	UPPER_EXTENDED_JOB_START	
2551	RL_GLITTERING_GREED	
2552	RL_RICHS_COIN	富翁的財貨
2553	RL_MASS_SPIRAL	絕對貫穿
2554	RL_BANISHING_BUSTER	強制驅逐
2555	RL_B_TRAP	暗黑地獄
2556	RL_FLICKER	閃爍信號
2557	RL_S_STORM	粉碎風暴
2558	RL_E_CHAIN	無限連鎖
2559	RL_QD_SHOT	瞬速子彈
2560	RL_C_MARKER	血色烙印
2561	RL_FIREDANCE	殺戮暗舞
2562	RL_H_MINE	破壞怒吼
2563	RL_P_ALTER	白金祭壇
2564	RL_FALLEN_ANGEL	墮落天使
2565	RL_R_TRIP	圓桌舞蹈
2566	RL_D_TAIL	魔獸擺尾
2567	RL_FIRE_RAIN	火焰暴雨
2568	RL_HEAT_BARREL	加速子彈
2569	RL_AM_BLAST	毀滅重擊
2570	RL_SLUGSHOT	根源破壞
2571	RL_HAMMER_OF_GOD	天神憤怒
2572	RL_R_TRIP_PLUSATK	
2573	RL_B_FLICKER_ATK	
2574	SJ_LIGHTOFMOON	月亮光輝
2575	SJ_LUNARSTANCE	月亮英姿
2576	SJ_FULLMOONKICK	滿月腳
2577	SJ_LIGHTOFSTAR	星星光輝
2578	SJ_STARSTANCE	星星英姿
2579	SJ_NEWMOONKICK	朔月腳
2580	SJ_FLASHKICK	閃光腳
2581	SJ_STAREMPEROR	拳皇降臨
2582	SJ_NOVAEXPLOSING	新星爆炸
2583	SJ_UNIVERSESTANCE	宇宙英姿
2584	SJ_FALLINGSTAR	流星殞落
2585	SJ_GRAVITYCONTROL	重力調整
2586	SJ_BOOKOFDIMENSION	次元之書
2587	SJ_BOOKOFCREATINGSTAR	創星之書
2588	SJ_DOCUMENT	太陽和月亮和星星的紀錄
2589	SJ_PURIFY	太陽和月亮和星星的淨化
2590	SJ_LIGHTOFSUN	太陽光輝
2591	SJ_SUNSTANCE	太陽英姿
2592	SJ_SOLARBURST	太陽爆炸
2593	SJ_PROMINENCEKICK	紅焰腳
2594	SJ_FALLINGSTAR_ATK	流星殞落
2595	SJ_FALLINGSTAR_ATK2	流星殞落
2596	SP_SOULGOLEM	巨人靈魂
2597	SP_SOULSHADOW	影子靈魂
2598	SP_SOULFALCON	隼鷹靈魂
2599	SP_SOULFAIRY	精靈靈魂
2600	SP_CURSEEXPLOSION	邪靈爆炸
2601	SP_SOULCURSE	邪惡靈魂詛咒
2602	SP_SPA	艾斯帕
2603	SP_SHA	艾斯哈
2604	SP_SWHOO	艾斯核
2605	SP_SOULUNITY	靈魂集結
2606	SP_SOULDIVISION	靈魂分裂
2607	SP_SOULREAPER	靈魂收割
2608	SP_SOULREVOLVE	靈魂循環
2609	SP_SOULCOLLECT	靈魂蓄積
2610	SP_SOULEXPLOSION	靈魂引爆
2611	SP_SOULENERGY	靈魂能量研究
2612	SP_KAUTE	凱渥特
3001	KO_YAMIKUMO	暗雲
3002	KO_RIGHT	右手修練
3003	KO_LEFT	左手修練
3004	KO_JYUMONJIKIRI	幽冥十字斬
3005	KO_SETSUDAN	靈魂阻隔
3006	KO_BAKURETSU	炸彈飛刀
3007	KO_HAPPOKUNAI	八方飛刀
3008	KO_MUCHANAGE	投擲魔幣
3009	KO_HUUMARANKA	風魔飛鏢之飛舞
3010	KO_MAKIBISHI	投擲三角釘
3011	KO_MEIKYOUSISUI	明鏡止水
3012	KO_ZANZOU	幻術 – 殘影
3013	KO_KYOUGAKU	幻術 – 驚恐
3014	KO_JYUSATSU	幻術 – 咒死
3015	KO_KAHU_ENTEN	火符:炎天
3016	KO_HYOUHU_HUBUKI	冰符:吹雪
3017	KO_KAZEHU_SEIRAN	風符:青嵐
3018	KO_DOHU_KOUKAI	地符:剛塊
3019	KO_KAIHOU	法術–釋放
3020	KO_ZENKAI	法術–施展
3021	KO_GENWAKU	幻術–迷惑
3022	KO_IZAYOI	十六夜
3023	KG_KAGEHUMI	踏影
3024	KG_KYOMU	虛無飄妙之影
3025	KG_KAGEMUSYA	影子武士
3026	OB_ZANGETSU	變形的上弦月
3027	OB_OBOROGENSOU	陰月的幻影
3028	OB_OBOROGENSOU_TRANSITION_ATK	
3029	OB_AKAITSUKI	不祥的紅月
3030	UPPER_EXTENDED_JOB_END	
3031	ECL_SNOWFLIP	冰雪寒葉
3032	ECL_PEONYMAMY	粉紅厚葉
3033	ECL_SADAGUI	筮答葵葉
3034	ECL_SEQUOIADUST	世界樹之塵
3035	ECLAGE_RECALL	返回艾可拉珠
3036	BA_POEMBRAGI2	布萊奇之詩
3037	DC_FORTUNEKISS2	女神之吻
3038	ITEM_OPTION_SPLASH_ATTACK	
3039	GM_FORCE_TRANSFER	轉移力量
3040	GM_WIDE_RESURRECTION	廣泛復活術
3041	ALL_NIFLHEIM_RECALL	前往尼芙菲姆!
3042	ALL_PRONTERA_RECALL	返回普隆德拉
3043	ALL_GLASTHEIM_RECALL	返回克雷斯特漢姆
3044	ALL_THANATOS_RECALL	???? ??
5000	LEVEL_EXPANSION_START	
5001	GC_DARKCROW	致命爪痕
5002	RA_UNLIMIT	菁英狙擊
5003	GN_ILLUSIONDOPING	幻覺禁藥
5004	RK_DRAGONBREATH_WATER	龍之氣息-水
5005	RK_LUXANIMA	盧恩爆發
5006	NC_MAGMA_ERUPTION	岩漿噴發
5007	WM_FRIGG_SONG	豐年頌
5008	SO_ELEMENTAL_SHIELD	精靈結界
5009	SR_FLASHCOMBO	閃光連擊
5010	SC_ESCAPE	緊急脫身
5011	AB_OFFERTORIUM	奉獻頌
5012	WL_TELEKINESIS_INTENSE	終極念力
5013	LG_KINGS_GRACE	王的恩典
5014	ALL_FULL_THROTTLE	烈火戰車
5015	NC_MAGMA_ERUPTION_DOTDAMAGE	
5016	LEVEL_EXPANSION_END	
5017	DORAM_TRIBE_START	
5018	SU_BASIC_SKILL	新基本技能
5019	SU_BITE	狠咬
5020	SU_HIDE	躲藏
5021	SU_SCRATCH	抓傷
5022	SU_STOOP	俯身
5023	SU_LOPE	跳躍
5024	SU_SPRITEMABLE	靈魂魔珠
5025	SU_POWEROFLAND	大地力量
5026	SU_SV_STEMSPEAR	獼猴桃梗槍
5027	SU_CN_POWDERING	貓薄荷灑粉
5028	SU_CN_METEOR	貓薄荷隕石
5029	SU_SV_ROOTTWIST	獼猴桃根莖纏繞
5030	SU_SV_ROOTTWIST_ATK	
5031	SU_POWEROFLIFE	生命力量
5032	SU_SCAROFTAROU	白鼠創傷
5033	SU_PICKYPECK	小雞啄擊
5034	SU_PICKYPECK_DOUBLE_ATK	
5035	SU_ARCLOUSEDASH	捲甲蟲暴衝
5036	SU_LUNATICCARROTBEAT	瘋兔胡蘿蔔重擊
5037	SU_POWEROFSEA	海洋力量
5038	SU_TUNABELLY	鮪魚肚肉
5039	SU_TUNAPARTY	鮪魚派對
5040	SU_BUNCHOFSHRIMP	蝦群
5041	SU_FRESHSHRIMP	活蝦
5042	SU_CN_METEOR2	
5043	SU_LUNATICCARROTBEAT2	
5044	SU_SOULATTACK	靈魂攻擊
5045	SU_POWEROFFLOCK	喵喵威武
5046	SU_SVG_SPIRIT	野豬之魂
5047	SU_HISS	嘶嘶聲
5048	SU_NYANGGRASS	喵喵草
5049	SU_GROOMING	舔毛
5050	SU_PURRING	咕嚕咕嚕
5051	SU_SHRIMPARTY	美味活蝦派對
5052	SU_SPIRITOFLIFE	生命之魂
5053	SU_MEOWMEOW	喵喵
5054	SU_SPIRITOFLAND	大地之魂
5055	SU_CHATTERING	喵喵不休
5056	SU_SPIRITOFSEA	海洋之魂
5057	DORAM_TRIBE_END	
5058	LAST	
5063	WE_CALLALLFAMILY	當我們同在一起
5064	WE_ONEFOREVER	生生世世永不分離
5065	WE_CHEERUP	爸比媽咪請加油
5068	CG_SPECIALSINGER	
5072	AB_VITUPERATUM	天罰
5073	AB_CONVENIO	集結
5075	NV_BREAKTHROUGH	突破極限
5076	NV_HELPANGEL	救援天使!
5077	NV_TRANSCENDENCE	心靈超越
5078	WL_READING_SB_READING	閱讀魔法書
5201	DK_SERVANTWEAPON	死侍武器
5202	DK_SERVANTWEAPON_ATK	
5203	DK_SERVANT_W_SIGN	死侍武器-標記
5204	DK_SERVANT_W_PHANTOM	死侍武器-瞬幻
5205	DK_SERVANT_W_DEMOL	死侍武器-破滅
5206	DK_CHARGINGPIERCE	蓄力刺擊
5207	DK_TWOHANDDEF	雙向防禦
5208	DK_HACKANDSLASHER	橫揮斬
5209	DK_HACKANDSLASHER_ATK	
5210	DK_DRAGONIC_AURA	天龍光環
5211	DK_MADNESS_CRUSHER	狂暴粉碎
5212	DK_VIGOR	活力之源
5213	DK_STORMSLASH	風暴斬擊
5214	AG_DEADLY_PROJECTION	致命放射
5215	AG_DESTRUCTIVE_HURRICANE	毀滅颶風
5216	AG_RAIN_OF_CRYSTAL	冰晶飛瀑
5217	AG_MYSTERY_ILLUSION	神秘幻滅
5218	AG_VIOLENT_QUAKE	震裂術
5219	AG_VIOLENT_QUAKE_ATK	
5220	AG_SOUL_VC_STRIKE	靈魂連擊
5221	AG_STRANTUM_TREMOR	地層震動
5222	AG_ALL_BLOOM	萬紫千紅
5223	AG_ALL_BLOOM_ATK	
5224	AG_ALL_BLOOM_ATK2	
5225	AG_CRYSTAL_IMPACT	水晶波爆
5226	AG_CRYSTAL_IMPACT_ATK	
5227	AG_TORNADO_STORM	龍捲風暴
5228	AG_TWOHANDSTAFF	雙手杖使用熟練度
5229	AG_FLORAL_FLARE_ROAD	焰火之徑
5230	AG_ASTRAL_STRIKE	星際突襲
5231	AG_ASTRAL_STRIKE_ATK	
5232	AG_CLIMAX	魔力巔峰
5233	AG_ROCK_DOWN	巨石降臨
5234	AG_STORM_CANNON	暴風加農砲
5235	AG_CRIMSON_ARROW	豔紅魔矢
5236	AG_CRIMSON_ARROW_ATK	
5237	AG_FROZEN_SLASH	冰刃斬
5238	IQ_POWERFUL_FAITH	堅毅信念
5239	IQ_FIRM_FAITH	堅定信念
5240	IQ_WILL_OF_FAITH	信念意志
5241	IQ_OLEUM_SANCTUM	聖油洗禮
5242	IQ_SINCERE_FAITH	真誠信念
5243	IQ_MASSIVE_F_BLASTER	焰魔散彈
5244	IQ_EXPOSION_BLASTER	爆破衝擊
5245	IQ_FIRST_BRAND	第一擊:烙印
5246	IQ_FIRST_FAITH_POWER	首章:信仰之力
5247	IQ_JUDGE	次章:審判者
5248	IQ_SECOND_FLAME	第二擊:火焰滅絕
5249	IQ_SECOND_FAITH	第二擊:信念
5250	IQ_SECOND_JUDGEMENT	第二擊:審判
5251	IQ_THIRD_PUNISH	第三擊:懲治
5252	IQ_THIRD_FLAME_BOMB	第三擊:火焰彈
5253	IQ_THIRD_CONSECRATION	第三擊:淨化
5254	IQ_THIRD_EXOR_FLAME	最終章:驅魔火焰
5255	IG_GUARD_STANCE	防禦架式
5256	IG_GUARDIAN_SHIELD	守護神盾
5257	IG_REBOUND_SHIELD	回彈神盾
5258	IG_SHIELD_MASTERY	防盾精熟
5259	IG_SPEAR_SWORD_M	矛&劍精熟
5260	IG_ATTACK_STANCE	攻擊架式
5261	IG_ULTIMATE_SACRIFICE	終極犧牲
5262	IG_HOLY_SHIELD	抗性聖盾
5263	IG_GRAND_JUDGEMENT	末日審判
5264	IG_JUDGEMENT_CROSS	交錯審判
5265	IG_SHIELD_SHOOTING	盾牌投擲
5266	IG_OVERSLASH	瞬間斬擊
5267	IG_CROSS_RAIN	聖十字雨
5268	CD_REPARATIO	聖光治癒
5269	CD_MEDIALE_VOTUM	治癒誓言
5270	CD_MACE_BOOK_M	鈍器&書籍精熟
5271	CD_ARGUTUS_VITA	光耀天命
5272	CD_ARGUTUS_TELUM	神聖防護
5273	CD_ARBITRIUM	制裁謳歌
5274	CD_ARBITRIUM_ATK	
5275	CD_PRESENS_ACIES	爆裂聖光
5276	CD_FIDUS_ANIMUS	靈魂忠誠
5277	CD_EFFLIGO	破壞擊
5278	CD_COMPETENTIA	神聖權能
5279	CD_PNEUMATICUS_PROCELLA	驅魔風暴
5280	CD_DILECTIO_HEAL	博愛治癒
5281	CD_RELIGIO	全心奉獻
5282	CD_BENEDICTUM	祝福讚歌
5283	CD_PETITIO	聖光打擊
5284	CD_FRAMEN	聖靈鎮魂
5285	SHC_SHADOW_EXCEED	魅影強化
5286	SHC_DANCING_KNIFE	舞動血刃
5287	SHC_SAVAGE_IMPACT	野蠻衝擊
5288	SHC_SHADOW_SENSE	影刃旋舞
5289	SHC_ETERNAL_SLASH	永恆斬擊
5290	SHC_POTENT_VENOM	強效毒液
5291	SHC_SHADOW_STAB	暗影刺擊
5292	SHC_IMPACT_CRATER	神力撞擊
5293	SHC_ENCHANTING_SHADOW	迷惑魅影
5294	SHC_FATAL_SHADOW_CROW	致命影爪
5295	MT_AXE_STOMP	戰斧踏滅
5296	MT_RUSH_QUAKE	衝擊撼動
5297	MT_M_MACHINE	製造裝置
5298	MT_A_MACHINE	啟動攻擊裝置
5299	MT_D_MACHINE	啟動防禦裝置(
5300	MT_TWOAXEDEF	雙手斧防禦
5301	MT_ABR_M	ABR精熟
5302	MT_SUMMON_ABR_BATTLE_WARIOR	ABR-決戰勇士
5303	MT_SUMMON_ABR_DUAL_CANNON	ABR-雙子加農砲
5304	MT_SUMMON_ABR_MOTHER_NET	ABR-天網聖母
5305	MT_SUMMON_ABR_INFINITY	ABR-無限戰火
5311	ABC_DAGGER_AND_BOW_M	短劍&弓弩精熟
5312	ABC_MAGIC_SWORD_M	魔劍精熟
5313	ABC_STRIP_SHADOW	卸除影子
5314	ABC_ABYSS_DAGGER	深淵匕首
5315	ABC_UNLUCKY_RUSH	不幸衝擊
5316	ABC_CHAIN_REACTION_SHOT	連鎖射擊
5317	ABC_FROM_THE_ABYSS	萬丈深淵
5318	ABC_ABYSS_SLAYER	深淵殺手
5319	ABC_ABYSS_STRIKE	終結深淵攻擊
5320	ABC_DEFT_STAB	靈巧刺擊
5321	ABC_ABYSS_SQUARE	深淵墳場
5322	ABC_FRENZY_SHOT	狂暴射擊
5323	WH_ADVANCED_TRAP	高階陷阱
5324	WH_WIND_SIGN	八風標記
5325	WH_NATUREFRIENDLY	熱愛自然
5326	WH_HAWKRUSH	獵鷹奇襲
5327	WH_HAWK_M	獵鷹精熟
5328	WH_CALAMITYGALE	憤怒暴風
5329	WH_HAWKBOOMERANG	獵鷹狙擊
5330	WH_GALESTORM	毀滅風暴
5331	WH_DEEPBLINDTRAP	深盲陷阱
5332	WH_SOLIDTRAP	磐石陷阱
5333	WH_SWIFTTRAP	急速陷阱
5334	WH_CRESCIVE_BOLT	漸進狙擊
5335	WH_FLAMETRAP	火焰陷阱
5336	BO_BIONIC_PHARMACY	仿生配藥
5337	BO_BIONICS_M	仿生精熟
5338	BO_THE_WHOLE_PROTECTION	全面化學保護
5339	BO_ADVANCE_PROTECTION	全影化學保護
5340	BO_ACIDIFIED_ZONE_WATER	強酸禁地(水)
5341	BO_ACIDIFIED_ZONE_GROUND	強酸禁地(地)
5342	BO_ACIDIFIED_ZONE_WIND	強酸禁地(風)
5343	BO_ACIDIFIED_ZONE_FIRE	強酸禁地(火)
5344	BO_WOODENWARRIOR	召喚神木戰士
5345	BO_WOODEN_FAIRY	召喚神木妖精
5346	BO_CREEPER	召喚爬行者
5347	BO_RESEARCHREPORT	研究報告
5348	BO_HELLTREE	召喚地獄樹
5349	TR_STAGE_MANNER	舞台禮儀
5350	TR_RETROSPECTION	美聲回顧
5351	TR_MYSTIC_SYMPHONY	神秘交響曲
5352	TR_KVASIR_SONATA	克瓦希爾奏鳴曲
5353	TR_ROSEBLOSSOM	玫瑰箭矢
5354	TR_ROSEBLOSSOM_ATK	玫瑰箭矢
5355	TR_RHYTHMSHOOTING	節奏射擊
5356	TR_METALIC_FURY	金屬狂怒
5357	TR_SOUNDBLEND	混聲烙印
5358	TR_GEF_NOCTURN	葛帔尼亞夜曲
5359	TR_ROKI_CAPRICCIO	洛基奏鳴曲
5360	TR_AIN_RHAPSODY	礦工狂想曲
5361	TR_MUSICAL_INTERLUDE	音樂劇插曲
5362	TR_JAWAII_SERENADE	暮色小夜曲
5363	TR_NIPELHEIM_REQUIEM	亡靈鎮魂歌
5364	TR_PRON_MARCH	普隆德拉進行曲
5365	EM_MAGIC_BOOK_M	魔法書精熟
5366	EM_SPELL_ENCHANTING	咒力賦予
5367	EM_ACTIVITY_BURN	能量燃燼
5368	EM_INCREASING_ACTIVITY	能量轉換
5369	EM_DIAMOND_STORM	鑽石風暴
5370	EM_LIGHTNING_LAND	雷霆陣地
5371	EM_VENOM_SWAMP	毒液沼澤
5372	EM_CONFLAGRATION	灼熱岩漿
5373	EM_TERRA_DRIVE	大地驅動
5374	EM_ELEMENTAL_SPIRIT_M	元素鬥志精熟
5375	EM_SUMMON_ELEMENTAL_ARDOR	召喚元素:阿爾多雷
5376	EM_SUMMON_ELEMENTAL_DILUVIO	召喚元素:迪盧比奧
5377	EM_SUMMON_ELEMENTAL_PROCELLA	召喚元素:普羅賽拉
5378	EM_SUMMON_ELEMENTAL_TERREMOTUS	召喚元素:泰雷莫圖斯
5379	EM_SUMMON_ELEMENTAL_SERPENS	召喚元素:塞爾彭斯
5380	EM_ELEMENTAL_BUSTER	元素破壞
5381	EM_ELEMENTAL_VEIL	元素天幕
5383	ABC_CHAIN_REACTION_SHOT_ATK	
5384	ABC_FROM_THE_ABYSS_ATK	
8000	HOMUN_BEGIN	
8001	HLIF_HEAL	治癒之手
8002	HLIF_AVOID	輕捷移動
8003	HLIF_BRAIN	腦手術
8004	HLIF_CHANGE	智力變換
8005	HAMI_CASTLE	位置互換
8006	HAMI_DEFENCE	防禦力
8007	HAMI_SKIN	活命之膚
8008	HAMI_BLOODLUST	血的貪求
8009	HFLI_MOON	月光
8010	HFLI_FLEET	橫越速度
8011	HFLI_SPEED	緊急迴避
8012	HFLI_SBR44	S.B.R.44
8013	HVAN_CAPRICE	善變
8014	HVAN_CHAOTIC	混亂的祈福
8015	HVAN_INSTRUCT	變更指示
8016	HVAN_EXPLOSION	生物爆炸
8017	MUTATION_BASEJOB	
8018	MH_SUMMON_LEGION	召喚蟲團
8019	MH_NEEDLE_OF_PARALYZE	麻痺針
8020	MH_POISON_MIST	劇毒粉
8021	MH_PAIN_KILLER	鎮痛劑
8022	MH_LIGHT_OF_REGENE	重生之光
8023	MH_OVERED_BOOST	瞬間增壓
8024	MH_ERASER_CUTTER	音速刀刃
8025	MH_XENO_SLASHER	血腥魔刀
8026	MH_SILENT_BREEZE	沉默微風
8027	MH_STYLE_CHANGE	轉換型態
8028	MH_SONIC_CRAW	音速利爪
8029	MH_SILVERVEIN_RUSH	銀脈衝擊
8030	MH_MIDNIGHT_FRENZY	午夜狂暴
8031	MH_STAHL_HORN	鋼鐵之角
8032	MH_GOLDENE_FERSE	黃金腳跟
8033	MH_STEINWAND	岩壁
8034	MH_HEILIGE_STANGE	聖刺
8035	MH_ANGRIFFS_MODUS	攻擊準備
8036	MH_TINDER_BREAKER	粉碎骨折
8037	MH_CBC	連續突破組合
8038	MH_EQC	永恆快速組合
8039	MH_MAGMA_FLOW	岩漿流動
8040	MH_GRANITIC_ARMOR	花崗岩鎧甲
8041	MH_LAVA_SLIDE	熔岩滑動
8042	MH_PYROCLASTIC	火山塵暴
8043	MH_VOLCANIC_ASH	火山灰
8044	MH_BLAST_FORGE	毀滅熔爐
8045	MH_TEMPERING	回火
8046	MH_CLASSY_FLUTTER	優雅振翅
8047	MH_TWISTER_CUTTER	颶風刀刃
8048	MH_ABSOLUTE_ZEPHYR	絕對微風
8049	MH_BRUSHUP_CLAW	鉤爪升級
8050	MH_BLAZING_AND_FURIOUS	烈焰狂怒
8051	MH_THE_ONE_FIGHTER_RISES	鬥士崛起
8052	MH_POLISHING_NEEDLE	拋光針
8053	MH_TOXIN_OF_MANDARA	曼陀羅劇毒
8054	MH_NEEDLE_STINGER	奪命刺針
8055	MH_LICHT_GEHORN	極光之角
8056	MH_GLANZEN_SPIES	間諜標槍
8057	MH_HEILIGE_PFERD	聖馬
8058	MH_GOLDENE_TONE	黃金音調
8059	MH_BLAZING_LAVA	炙熱熔岩
8060	MH_LAST	
8061	HOMUN_LAST	
8200	MERCENARY_BEGIN	
8201	MS_BASH	狂擊
8202	MS_MAGNUM	怒爆
8203	MS_BOWLINGBASH	怪物互擊
8204	MS_PARRYING	雙劍挌擋
8205	MS_REFLECTSHIELD	反射盾
8206	MS_BERSERK	狂怒之槍
8207	MA_DOUBLE	二連矢
8208	MA_SHOWER	箭雨
8209	MA_SKIDTRAP	滑動陷阱
8210	MA_LANDMINE	地雷陷阱
8211	MA_SANDMAN	睡魔陷阱
8212	MA_FREEZINGTRAP	霜凍陷阱
8213	MA_REMOVETRAP	陷阱移除
8214	MA_CHARGEARROW	衝鋒箭
8215	MA_SHARPSHOOTING	銳利射擊
8216	ML_PIERCE	連刺攻擊
8217	ML_BRANDISH	騎乘攻擊
8218	ML_SPIRALPIERCE	螺旋擊刺
8219	ML_DEFENDER	光之盾
8220	ML_AUTOGUARD	自動防禦
8221	ML_DEVOTION	犧牲
8222	MER_MAGNIFICAT	莫納的祝福
8223	MER_QUICKEN	加速武器
8224	MER_SIGHT	火狩
8225	MER_CRASH	撞擊
8226	MER_REGAIN	恢復
8227	MER_TENDER	補給
8228	MER_BENEDICTION	祝福
8229	MER_RECUPERATE	復原
8230	MER_MENTALCURE	精神治癒
8231	MER_COMPRESS	壓制
8232	MER_PROVOKE	挑釁
8233	MER_AUTOBERSERK	狂暴狀態
8234	MER_DECAGI	緩速術
8235	MER_SCAPEGOAT	替罪羔羊
8236	MER_LEXDIVINA	沉默之術
8237	MER_ESTIMATION	怪物情報
8238	MER_KYRIE	霸邪之陣
8239	MER_BLESSING	天使之賜福
8240	MER_INCAGI	加速術
8241	MER_INVINCIBLEOFF2	心靈淨化
8242	MERCENARY_LAST	
8400	ELEMENTAL_BEGIN	
8401	EL_CIRCLE_OF_FIRE	烈焰之環
8402	EL_FIRE_CLOAK	火焰斗篷
8403	EL_FIRE_MANTLE	火焰披風
8404	EL_WATER_SCREEN	水之守護
8405	EL_WATER_DROP	大豪雨
8406	EL_WATER_BARRIER	水之屏障
8407	EL_WIND_STEP	風之閃現
8408	EL_WIND_CURTAIN	風之魂
8409	EL_ZEPHYR	風之結界
8410	EL_SOLID_SKIN	皮膚固化
8411	EL_STONE_SHIELD	岩石盾
8412	EL_POWER_OF_GAIA	天神下凡
8413	EL_PYROTECHNIC	烈焰強化
8414	EL_HEATER	急速升溫
8415	EL_TROPIC	灼熱地帶
8416	EL_AQUAPLAY	冰封領域
8417	EL_COOLER	急速降溫
8418	EL_CHILLY_AIR	絕對零度
8419	EL_GUST	雷電強化
8420	EL_BLAST	風暴衝擊
8421	EL_WILD_STORM	荒野風暴
8422	EL_PETROLOGY	岩石領域
8423	EL_CURSED_SOIL	詛咒之地
8424	EL_UPHEAVAL	天崩地裂
8425	EL_FIRE_ARROW	火箭
8426	EL_FIRE_BOMB	火焰炸彈
8427	EL_FIRE_BOMB_ATK	火焰炸彈
8428	EL_FIRE_WAVE	火焰衝擊波
8429	EL_FIRE_WAVE_ATK	火焰衝擊波
8430	EL_ICE_NEEDLE	冰針
8431	EL_WATER_SCREW	螺旋水波
8432	EL_WATER_SCREW_ATK	螺旋水波
8433	EL_TIDAL_WEAPON	海嘯武器
8434	EL_WIND_SLASH	風之刃
8435	EL_HURRICANE	颶風肆虐
8436	EL_HURRICANE_ATK	颶風肆虐
8437	EL_TYPOON_MIS	颱風飛彈
8438	EL_TYPOON_MIS_ATK	颱風飛彈
8439	EL_STONE_HAMMER	石錘
8440	EL_ROCK_CRUSHER	碎石
8441	EL_ROCK_CRUSHER_ATK	碎石
8442	EL_STONE_RAIN	岩石風暴
8443	EM_EL_FLAMETECHNIC	火焰神技
8444	EM_EL_FLAMEARMOR	火焰鎧甲
8445	EM_EL_FLAMEROCK	火焰隕石
8446	EM_EL_COLD_FORCE	冰凍先鋒
8447	EM_EL_CRYSTAL_ARMOR	冰晶鎧甲
8448	EM_EL_AGE_OF_ICE	冰河時代
8449	EM_EL_GRACE_BREEZE	恩典微風
8450	EM_EL_EYES_OF_STORM	暴風眼
8451	EM_EL_STORM_WIND	暴風
8452	EM_EL_EARTH_CARE	守護大地
8453	EM_EL_STRONG_PROTECTION	強韌防衛
8454	EM_EL_AVALANCHE	山崩
8455	EM_EL_DEEP_POISONING	深度中毒
8456	EM_EL_POISON_SHIELD	劇毒護盾
8457	EM_EL_DEADLY_POISON	致命猛毒
8601	ABR_BATTLE_BUSTER	決戰破壞者
8602	ABR_DUAL_CANNON_FIRE	雙子加農砲火
8603	ABR_NET_REPAIR	修復網
8604	ABR_NET_SUPPORT	支援網
8605	ABR_INFINITY_BUSTER	無穹破壞者
9999	FOLLOWER_NPC_RESET	
10000	GD_APPROVAL	正式工會認證
10001	GD_KAFRACONTRACT	和卡普拉訂契約
10002	GD_GUARDRESEARCH	研究監護人
10003	GD_GUARDUP	監護人魔物強化
10004	GD_EXTENSION	擴充組合體制
10005	GD_GLORYGUILD	公會榮耀
10006	GD_LEADERSHIP	偉大的指導力
10007	GD_GLORYWOUNDS	光榮的傷口
10008	GD_SOULCOLD	冷漠之心
10009	GD_HAWKEYES	尖銳的視線
10010	GD_BATTLEORDER	下達戰鬥命令
10011	GD_REGENERATION	復興公會員體力
10012	GD_RESTORE	恢復公會員體力
10013	GD_EMERGENCYCALL	緊急呼叫
10014	GD_DEVELOPMENT	永久的發展
10015	GD_ITEMEMERGENCYCALL	緊急呼叫
10016	GD_GUILD_STORAGE	公會倉庫擴充
10017	GD_CHARGESHOUT_FLAG	衝鋒旗飄揚
10018	GD_CHARGESHOUT_BEATING	吹響衝鋒號角
10019	GD_EMERGENCY_MOVE	緊急移動
10020	GD_LAST	
10100	SYS_FIRSTJOBLV	
10101	SYS_SECONDJOBLV	
11000	SCRIPT_000	
11001	ITEM_COCKTAIL_WARG_BLOOD	
11002	ITEM_MINOR_BBQ	
11003	ITEM_SIROMA_ICE_TEA	
11004	ITEM_DROCERA_HERB_STEAMED	
11005	ITEM_PUTTI_TAILS_NOODLES	
11006	ITEM_BANANA_BOMB	
11999	SCRIPT_999	
12000	EFST_DRESS_UP	
12999	EFST_999	
